{"rotation": [[0.9986603833171435, 0.04821482272438293, -0.01878216341405582], [-0.040053615011849925, 0.4905088993656616, -0.870515208119634], [-0.032758918134432956, 0.8701013449666329, 0.4917829834082488]], "translation": [[0.05213454836021927], [0.21130292205704856], [-0.15587486169592904]], "intrinsics": [[1010.3189694810105, 0.0, 1015.0927389339929], [0.0, 1010.2102194659125, 534.4561232862634], [0.0, 0.0, 1.0]]}